index,number,code,offset,pitch,name,octave,type,duration,velocity
0,0,<music21.harmony.ChordSymbol B-7>,0.0,58.0,B-,3,quarter,1.0,0.7086600000000001
0,1,<music21.harmony.ChordSymbol E->,1.0,51.0,E-,3,quarter,1.0,0.7086600000000001
0,1,<music21.harmony.ChordSymbol E->,2.0,58.0,B-,3,quarter,1.0,0.7086600000000001
0,1,<music21.harmony.ChordSymbol E->,3.0,60.0,C,4,quarter,1.0,0.7086600000000001
0,1,<music21.harmony.ChordSymbol E->,4.0,55.0,G,3,quarter,1.0,0.7086600000000001
0,2,<music21.harmony.ChordSymbol E->,5.0,53.0,F,3,quarter,1.0,0.7086600000000001
0,2,<music21.harmony.ChordSymbol Fm7>,6.0,60.0,C,4,quarter,1.0,0.7086600000000001
0,2,<music21.harmony.ChordSymbol Fm7>,7.0,58.0,B-,3,quarter,1.0,0.7086600000000001
0,2,<music21.harmony.ChordSymbol Fm7>,8.0,53.0,F,3,quarter,1.0,0.7086600000000001
0,3,<music21.harmony.ChordSymbol Fm7>,9.0,51.0,E-,3,quarter,1.0,0.7086600000000001
0,3,<music21.harmony.ChordSymbol E->,10.0,58.0,B-,3,quarter,1.0,0.7086600000000001
0,3,<music21.harmony.ChordSymbol E->,11.0,60.0,C,4,quarter,1.0,0.7086600000000001
0,3,<music21.harmony.ChordSymbol E->,12.0,55.0,G,3,quarter,1.0,0.7086600000000001
0,4,<music21.harmony.ChordSymbol E->,13.0,53.0,F,3,quarter,1.0,0.7086600000000001
0,4,<music21.harmony.ChordSymbol Fm7>,14.0,60.0,C,4,quarter,1.0,0.7086600000000001
0,4,<music21.harmony.ChordSymbol Fm7>,15.0,58.0,B-,3,quarter,1.0,0.7086600000000001
0,4,<music21.harmony.ChordSymbol Fm7>,16.0,53.0,F,3,quarter,1.0,0.7086600000000001
0,5,<music21.harmony.ChordSymbol Fm7>,17.0,51.0,E-,3,quarter,1.0,0.7086600000000001
0,5,<music21.harmony.ChordSymbol E->,18.0,58.0,B-,3,quarter,1.0,0.7086600000000001
0,5,<music21.harmony.ChordSymbol E->,19.0,60.0,C,4,quarter,1.0,0.7086600000000001
0,5,<music21.harmony.ChordSymbol E->,20.0,55.0,G,3,quarter,1.0,0.7086600000000001
0,6,<music21.harmony.ChordSymbol E->,21.0,53.0,F,3,quarter,1.0,0.7086600000000001
0,6,<music21.harmony.ChordSymbol Fm7>,22.0,60.0,C,4,quarter,1.0,0.7086600000000001
0,6,<music21.harmony.ChordSymbol Fm7>,23.0,58.0,B-,3,quarter,1.0,0.7086600000000001
0,6,<music21.harmony.ChordSymbol Fm7>,24.0,53.0,F,3,quarter,1.0,0.7086600000000001
0,7,<music21.harmony.ChordSymbol Fm7>,25.0,51.0,E-,3,quarter,1.0,0.7086600000000001
0,7,<music21.harmony.ChordSymbol E->,26.0,58.0,B-,3,quarter,1.0,0.7086600000000001
0,7,<music21.harmony.ChordSymbol E->,27.0,60.0,C,4,quarter,1.0,0.7086600000000001
0,7,<music21.harmony.ChordSymbol E->,28.0,55.0,G,3,quarter,1.0,0.7086600000000001
0,8,<music21.harmony.ChordSymbol E->,29.0,53.0,F,3,quarter,1.0,0.7086600000000001
0,8,<music21.harmony.ChordSymbol Fm7>,30.0,60.0,C,4,quarter,1.0,0.7086600000000001
0,8,<music21.harmony.ChordSymbol Fm7>,31.0,58.0,B-,3,quarter,1.0,0.7086600000000001
0,8,<music21.harmony.ChordSymbol Fm7>,32.0,53.0,F,3,quarter,1.0,0.7086600000000001
0,9,<music21.harmony.ChordSymbol Fm7>,33.0,51.0,E-,3,quarter,1.0,0.7086600000000001
0,9,<music21.harmony.ChordSymbol E->,34.0,58.0,B-,3,quarter,1.0,0.7086600000000001
0,9,<music21.harmony.ChordSymbol E->,35.0,60.0,C,4,quarter,1.0,0.7086600000000001
0,9,<music21.harmony.ChordSymbol E->,36.0,55.0,G,3,quarter,1.0,0.7086600000000001
0,10,<music21.harmony.ChordSymbol E->,37.0,53.0,F,3,quarter,1.0,0.7086600000000001
0,10,<music21.harmony.ChordSymbol Fm7>,38.0,60.0,C,4,quarter,1.0,0.7086600000000001
0,10,<music21.harmony.ChordSymbol Fm7>,39.0,58.0,B-,3,quarter,1.0,0.7086600000000001
0,10,<music21.harmony.ChordSymbol Fm7>,40.0,53.0,F,3,quarter,1.0,0.7086600000000001
0,11,<music21.harmony.ChordSymbol Fm7>,41.0,51.0,E-,3,quarter,1.0,0.7086600000000001
0,11,<music21.harmony.ChordSymbol E->,42.0,58.0,B-,3,quarter,1.0,0.7086600000000001
0,11,<music21.harmony.ChordSymbol E->,43.0,60.0,C,4,quarter,1.0,0.7086600000000001
0,11,<music21.harmony.ChordSymbol E->,44.0,55.0,G,3,quarter,1.0,0.7086600000000001
0,12,<music21.harmony.ChordSymbol E->,45.0,53.0,F,3,quarter,1.0,0.7086600000000001
0,12,<music21.harmony.ChordSymbol Fm7>,46.0,60.0,C,4,quarter,1.0,0.7086600000000001
0,12,<music21.harmony.ChordSymbol Fm7>,47.0,58.0,B-,3,quarter,1.0,0.7086600000000001
0,12,<music21.harmony.ChordSymbol Fm7>,48.0,53.0,F,3,quarter,1.0,0.7086600000000001
0,13,<music21.harmony.ChordSymbol Fm7>,49.0,51.0,E-,3,quarter,1.0,0.7086600000000001
0,13,<music21.harmony.ChordSymbol E->,50.0,58.0,B-,3,quarter,1.0,0.7086600000000001
0,13,<music21.harmony.ChordSymbol E->,51.0,60.0,C,4,quarter,1.0,0.7086600000000001
0,13,<music21.harmony.ChordSymbol E->,52.0,55.0,G,3,quarter,1.0,0.7086600000000001
0,14,<music21.harmony.ChordSymbol E->,53.0,53.0,F,3,quarter,1.0,0.7086600000000001
0,14,<music21.harmony.ChordSymbol Fm7>,54.0,60.0,C,4,quarter,1.0,0.7086600000000001
0,14,<music21.harmony.ChordSymbol Fm7>,55.0,58.0,B-,3,quarter,1.0,0.7086600000000001
0,14,<music21.harmony.ChordSymbol Fm7>,56.0,53.0,F,3,quarter,1.0,0.7086600000000001
0,17,<music21.harmony.ChordSymbol Fm7>,65.0,53.0,F,3,quarter,1.0,0.7086600000000001
0,17,<music21.harmony.ChordSymbol Fm7>,66.0,60.0,C,4,quarter,1.0,0.7086600000000001
0,17,<music21.harmony.ChordSymbol Fm7>,67.0,58.0,B-,3,quarter,1.0,0.7086600000000001
0,17,<music21.harmony.ChordSymbol Fm7>,68.0,53.0,F,3,quarter,1.0,0.7086600000000001
0,18,<music21.harmony.ChordSymbol Fm7>,69.0,51.0,E-,3,quarter,1.0,0.7086600000000001
0,18,<music21.harmony.ChordSymbol E-6>,70.0,58.0,B-,3,quarter,1.0,0.7086600000000001
0,18,<music21.harmony.ChordSymbol E-6>,71.0,60.0,C,4,quarter,1.0,0.7086600000000001
0,18,<music21.harmony.ChordSymbol E-6>,72.0,55.0,G,3,quarter,1.0,0.7086600000000001
0,19,<music21.harmony.ChordSymbol E-6>,73.0,53.0,F,3,quarter,1.0,0.7086600000000001
0,19,<music21.harmony.ChordSymbol Fm7>,74.0,60.0,C,4,quarter,1.0,0.7086600000000001
0,19,<music21.harmony.ChordSymbol Fm7>,75.0,58.0,B-,3,quarter,1.0,0.7086600000000001
0,19,<music21.harmony.ChordSymbol Fm7>,76.0,53.0,F,3,quarter,1.0,0.7086600000000001
0,20,<music21.harmony.ChordSymbol Fm7>,77.0,51.0,E-,3,quarter,1.0,0.7086600000000001
0,21,<music21.harmony.ChordSymbol Fm7>,81.0,56.0,A-,3,quarter,1.0,0.7086600000000001
0,21,<music21.harmony.ChordSymbol A-m7>,82.0,51.0,E-,3,quarter,1.0,0.7086600000000001
0,21,<music21.harmony.ChordSymbol A-m7>,83.0,49.0,D-,3,quarter,1.0,0.7086600000000001
0,21,<music21.harmony.ChordSymbol A-m7>,84.0,56.0,A-,3,quarter,1.0,0.7086600000000001
0,22,<music21.harmony.ChordSymbol A-m7>,85.0,55.0,G,3,quarter,1.0,0.7086600000000001
0,23,<music21.harmony.ChordSymbol A-m7>,89.0,58.0,B-,3,quarter,1.0,0.7086600000000001
0,23,<music21.harmony.ChordSymbol A-m7>,90.0,53.0,F,3,quarter,1.0,0.7086600000000001
0,23,<music21.harmony.ChordSymbol B-7>,91.0,48.0,C,3,quarter,1.0,0.7086600000000001
0,23,<music21.harmony.ChordSymbol B-7>,92.0,53.0,F,3,quarter,1.0,0.7086600000000001
0,24,<music21.harmony.ChordSymbol B-7>,93.0,58.0,B-,3,quarter,1.0,0.7086600000000001
0,25,<music21.harmony.ChordSymbol B-7>,97.0,51.0,E-,3,quarter,1.0,0.7086600000000001
0,25,<music21.harmony.ChordSymbol B-7>,98.0,58.0,B-,3,quarter,1.0,0.7086600000000001
0,25,<music21.harmony.ChordSymbol E->,99.0,60.0,C,4,quarter,1.0,0.7086600000000001
0,25,<music21.harmony.ChordSymbol E->,100.0,55.0,G,3,quarter,1.0,0.7086600000000001
0,26,<music21.harmony.ChordSymbol E->,101.0,53.0,F,3,quarter,1.0,0.7086600000000001
0,26,<music21.harmony.ChordSymbol Fm7>,102.0,60.0,C,4,quarter,1.0,0.7086600000000001
0,26,<music21.harmony.ChordSymbol Fm7>,103.0,58.0,B-,3,quarter,1.0,0.7086600000000001
0,26,<music21.harmony.ChordSymbol Fm7>,104.0,53.0,F,3,quarter,1.0,0.7086600000000001
0,27,<music21.harmony.ChordSymbol Fm7>,105.0,51.0,E-,3,quarter,1.0,0.7086600000000001
0,27,<music21.harmony.ChordSymbol E->,106.0,58.0,B-,3,quarter,1.0,0.7086600000000001
0,27,<music21.harmony.ChordSymbol E->,107.0,60.0,C,4,quarter,1.0,0.7086600000000001
0,27,<music21.harmony.ChordSymbol E->,108.0,55.0,G,3,quarter,1.0,0.7086600000000001
0,28,<music21.harmony.ChordSymbol E->,109.0,53.0,F,3,quarter,1.0,0.7086600000000001
0,28,<music21.harmony.ChordSymbol Fm7>,110.0,60.0,C,4,quarter,1.0,0.7086600000000001
0,28,<music21.harmony.ChordSymbol Fm7>,111.0,58.0,B-,3,quarter,1.0,0.7086600000000001
0,28,<music21.harmony.ChordSymbol Fm7>,112.0,53.0,F,3,quarter,1.0,0.7086600000000001
0,29,<music21.harmony.ChordSymbol Fm7>,113.0,51.0,E-,3,quarter,1.0,0.7086600000000001
0,29,<music21.harmony.ChordSymbol E->,114.0,58.0,B-,3,quarter,1.0,0.7086600000000001
0,29,<music21.harmony.ChordSymbol E->,115.0,60.0,C,4,quarter,1.0,0.7086600000000001
0,29,<music21.harmony.ChordSymbol E->,116.0,55.0,G,3,quarter,1.0,0.7086600000000001
0,30,<music21.harmony.ChordSymbol E->,117.0,53.0,F,3,quarter,1.0,0.7086600000000001
0,30,<music21.harmony.ChordSymbol Fm7>,118.0,60.0,C,4,quarter,1.0,0.7086600000000001
0,30,<music21.harmony.ChordSymbol Fm7>,119.0,58.0,B-,3,quarter,1.0,0.7086600000000001
0,30,<music21.harmony.ChordSymbol Fm7>,120.0,53.0,F,3,quarter,1.0,0.7086600000000001
0,31,<music21.harmony.ChordSymbol Fm7>,121.0,51.0,E-,3,quarter,1.0,0.7086600000000001
0,31,<music21.harmony.ChordSymbol E-6>,122.0,58.0,B-,3,quarter,1.0,0.7086600000000001
0,31,<music21.harmony.ChordSymbol E-6>,123.0,60.0,C,4,quarter,1.0,0.7086600000000001
0,31,<music21.harmony.ChordSymbol E-6>,124.0,55.0,G,3,quarter,1.0,0.7086600000000001
